<?xml version='1.0' encoding='utf-8' standalone='yes' ?>
<map>
    <string name="afUninstallToken">dzAtQK-KTNucmSYCwS8POO:APA91bEmqtdaShGdxtR8gNAc2xJrGKl8E6Fr3sRf1VV6w2jRSBNz1wlO6yaxcp57kGtZ8drLQiWWVG-FhT341lbMkldUT5gTJ1ICz5E9uFV2hw1g1QinkRM</string>
    <long name="prev_session_dur" value="4" />
    <long name="af_rc_max_age" value="86400" />
    <boolean name="ddl_sent" value="true" />
    <string name="sentSuccessfully">true</string>
    <string name="af_remote_config">eyJmZWF0dXJlcyI6e30sInZlciI6ImRlZmF1bHQudjEuMTYzNzE0OTUyOSJ9</string>
    <int name="versionCode" value="20268" />
    <boolean name="sentRegisterRequestToAF" value="true" />
    <string name="savedProperties">{&quot;uid&quot;:&quot;1763956927216-1083543492306048934&quot;,&quot;logLevel&quot;:&quot;0&quot;,&quot;advertiserId&quot;:&quot;bd7f4a29-3e39-4ea6-9089-08155d1a16d7&quot;,&quot;advertiserIdEnabled&quot;:&quot;true&quot;}</string>
    <string name="AF_INSTALLATION">1763956927216-1083543492306048934</string>
    <boolean name="afUninstallToken_queued" value="false" />
    <int name="appsFlyerCount" value="3" />
    <long name="af_rc_timestamp" value="1763956925694" />
    <long name="AppsFlyerTimePassedSincePrevLaunch" value="1763956960078" />
    <boolean name="newGPReferrerSent" value="true" />
    <string name="appsFlyerFirstInstall">2025-11-24_040207+0000</string>
    <long name="afUninstallToken_received_time" value="1763956927330" />
    <string name="attributionId">{&quot;install_time&quot;:&quot;2025-11-24 04:02:08.896&quot;,&quot;af_message&quot;:&quot;organic install&quot;,&quot;af_status&quot;:&quot;Organic&quot;,&quot;is_first_launch&quot;:false}</string>
</map>
