<?xml version='1.0' encoding='utf-8' standalone='yes' ?>
<map>
    <boolean name="measurement_enabled_from_api" value="true" />
    <long name="first_open_time" value="1763956923928" />
    <string name="gmp_app_id">1:732565920259:android:f6e58ab0ed20c3cd</string>
    <boolean name="measurement_enabled" value="true" />
    <string name="app_instance_id">7beff60b33a552b29875eec887c8400d</string>
    <boolean name="has_been_opened" value="true" />
    <boolean name="app_backgrounded" value="true" />
    <boolean name="allow_remote_dynamite" value="true" />
    <long name="health_monitor:start" value="1763956926310" />
    <boolean name="use_service" value="true" />
    <boolean name="start_new_session" value="true" />
</map>
