<?xml version='1.0' encoding='utf-8' standalone='yes' ?>
<map>
    <string name="deviceId:48K-8WW-754Z">__b4833322062f411f828349de2d1acaa7</string>
    <string name="pfworkid">48K-8WW-754Z</string>
    <int name="lastSessionId:48K-8WW-754Z" value="1763956959" />
    <boolean name="NetworkInfo:48K-8WW-754Z" value="true" />
    <string name="fcm_token:48K-8WW-754Z">dzAtQK-KTNucmSYCwS8POO:APA91bEmqtdaShGdxtR8gNAc2xJrGKl8E6Fr3sRf1VV6w2jRSBNz1wlO6yaxcp57kGtZ8drLQiWWVG-FhT341lbMkldUT5gTJ1ICz5E9uFV2hw1g1QinkRM</string>
    <string name="comms_dmn:48K-8WW-754Z">eu1.clevertap-prod.com</string>
    <int name="comms_last_ts:48K-8WW-754Z" value="1763956964" />
    <int name="comms_first_ts:48K-8WW-754Z" value="1763956927" />
    <string name="ict_date:__b4833322062f411f828349de2d1acaa7:48K-8WW-754Z">24112025</string>
    <int name="sexe:48K-8WW-754Z" value="1763956963" />
    <int name="comms_mtd:48K-8WW-754Z" value="0" />
    <int name="istc_inapp:__b4833322062f411f828349de2d1acaa7:48K-8WW-754Z" value="1" />
    <int name="istmcd_inapp:__b4833322062f411f828349de2d1acaa7:48K-8WW-754Z" value="10" />
    <int name="imc:__b4833322062f411f828349de2d1acaa7:48K-8WW-754Z" value="5" />
    <string name="instance:48K-8WW-754Z">{&quot;accountId&quot;:&quot;48K-8WW-754Z&quot;,&quot;accountToken&quot;:&quot;00b-3b4&quot;,&quot;fcmSenderId&quot;:&quot;732565920259&quot;,&quot;analyticsOnly&quot;:false,&quot;isDefaultInstance&quot;:true,&quot;useGoogleAdId&quot;:false,&quot;disableAppLaunchedEvent&quot;:false,&quot;personalization&quot;:true,&quot;debugLevel&quot;:0,&quot;createdPostAppLaunch&quot;:false,&quot;sslPinning&quot;:false,&quot;backgroundSync&quot;:true,&quot;getEnableCustomCleverTapId&quot;:false,&quot;beta&quot;:false,&quot;encryptionLevel&quot;:0}</string>
    <boolean name="OptOut:__b4833322062f411f828349de2d1acaa7:48K-8WW-754Z" value="false" />
    <string name="comms_dmn_spiky:48K-8WW-754Z">eu1-spiky.clevertap-prod.com</string>
    <string name="SP_KEY_PROFILE_IDENTITIES:48K-8WW-754Z">Email,Identity</string>
    <string name="cachedGUIDsKey:48K-8WW-754Z">{&quot;Email_&quot;:&quot;__b4833322062f411f828349de2d1acaa7&quot;,&quot;Identity_2301220523251760490&quot;:&quot;__b4833322062f411f828349de2d1acaa7&quot;}</string>
    <long name="last_assets_cleanup" value="1763956927921" />
</map>
