<?xml version='1.0' encoding='utf-8' standalone='yes' ?>
<map>
    <string name="sub_smarthook_click:48K-8WW-754Z">1|1763956936|1763956936</string>
    <string name="page_visit:48K-8WW-754Z">23|1763956925|1763956963</string>
    <string name="App Launched:48K-8WW-754Z">2|1763956925|1763956959</string>
    <string name="custom_html_click:48K-8WW-754Z">1|1763956932|1763956932</string>
    <string name="enable_push_notification:48K-8WW-754Z">1|1763956934|1763956934</string>
    <string name="Notification Viewed:48K-8WW-754Z">1|1763956928|1763956928</string>
    <string name="disable_push_notification:48K-8WW-754Z">1|1763956928|1763956928</string>
</map>
