{"Fid":"dzAtQK-KTNucmSYCwS8POO","Status":3,"AuthToken":"eyJhbGciOiJFUzI1NiIsInR5cCI6IkpXVCJ9.eyJhcHBJZCI6IjE6NzMyNTY1OTIwMjU5OmFuZHJvaWQ6ZjZlNThhYjBlZDIwYzNjZCIsImV4cCI6MTc2NDU2MTcyNSwiZmlkIjoiZHpBdFFLLUtUTnVjbVNZQ3dTOFBPTyIsInByb2plY3ROdW1iZXIiOjczMjU2NTkyMDI1OX0.AB2LPV8wRgIhAPBQEuAl_6zC2rjjlMfl6cR0-wwnhD-JQCVDEMcihm6sAiEA79JanL0AZqQRA8XdKG5pHb58aizhL6D4gJj2-2uhERs","RefreshToken":"3_AS3qfwIcsyXCBUBOT2XjlR3vnLkzka2OoJPpBRFb4A7BXxusfGMzWWWo3Cziqc_RAO47c6urYrDhK2UgO33Fr2Z7aLpWiKnJbS17hnPBAuxAVg","TokenCreationEpochInSecs":1763956925,"ExpiresInSecs":604800}